USER_ID,Probabilities
F6545-0060,0.9982173
F6497-5619,0.9936661
F6556-2677,0.9978592
F6474-8613,0.9641021
F6521-7751,0.99983263
F6475-4409,0.9981274
F6521-7936,0.9998853
F6481-3834,0.99874276
F6497-5904,0.9982487
F6478-3755,0.9617614
F6204-2182,0.9998882
F6521-9485,0.96137553
F6559-3335,0.95796376
F6466-0009,0.99856526
F6514-4304,0.9989158
F6507-8857,0.9976653
F6556-2912,0.96317536
F6438-0573,0.95748264
F6448-1810,0.96537757
F6481-0340,0.9972398
F6481-0916,0.9995616
F6443-6639,0.9996061
F6476-6038,0.9887899
F6514-4323,0.99879164
F6514-4584,0.9953294
F6515-0114,0.9998865
F6440-2509,0.9674366
F6515-4394,0.9700366
F6488-2670,0.9947937
F6524-4769,0.97720486
F6524-4857,0.9710471
F6514-4465,0.9781065
F6516-1234,0.97908235
F6488-2542,0.96835136
F6497-5688,0.9870508
F6489-0317,0.96981156
F6514-4490,0.99934286
F6524-1491,0.9785744
F6491-0280,0.97049403
F6521-8206,0.9931029
F6514-4636,0.9945859
F5857-0770,0.98138785
F6524-1490,0.99917173
F6451-0740,0.9998944
F6542-5776,0.95624995
F6524-1537,0.9992717
F0696-4715,0.99891114
F6488-0893,0.9897489
F6491-0893,0.9850877
F5857-4938,0.988884
F6420-0019,0.98829556
F6521-9757,0.9893913
F2495-1881,0.96259254
F6514-4652,0.997472
F6475-7867,0.99918455
F5857-1140,0.9993826
F6497-5759,0.95143694
F6514-4301,0.95753443
F6559-1989,0.99286723
F6539-2789,0.9773776
F6451-2611,0.97303945
F6378-0044,0.96973
F6440-2892,0.96404207
F6451-1112,0.9723371
F6507-1386,0.9795895
F6521-4320,0.99990165
F6497-5819,0.99019414
F6497-5736,0.98974574
F6471-6113,0.96319634
F6491-0945,0.9712502
F3319-0290,0.9697276
F6451-0533,0.9746105
F6452-1053,0.99895656
F6471-2878,0.9942462
F6488-0945,0.96746206
F6420-0636,0.99952555
F6514-4345,0.9994516
F6488-1521,0.9728714
F6523-3803,0.9852883
F6420-0562,0.9999583
F6420-0656,0.9886065
F6497-5697,0.9962441
F5467-0005,0.9998491
F6089-9712,0.9858137
F6200-4170,0.98503494
F1801-0104,0.98127353
F1301-0059,0.9980642
F6490-0547,0.96313477
F6204-2742,0.9998615
F6479-3175,0.9737811
F6451-2623,0.9995265
F6475-2810,0.9834452
F6451-2828,0.99992764
F6514-4504,0.9996406
F6089-9747,0.9658918
F6416-9134,0.9998356
F6414-1212,0.9647179
F3259-0253,0.9869119
F6443-7577,0.956805
F6514-4691,0.9921678
F6178-7633,0.99555826
F6514-4422,0.9999734
F6420-0594,0.9998523
F2721-0309,0.99772316
F6514-4365,0.99992645
F6521-7868,0.99993896
F2094-0867,0.98705053
F6089-9657,0.9844372
F6524-1554,0.99675024
F6475-4454,0.9949817
F6514-4364,0.9989034
F6514-4718,0.9849936
F0291-0021,0.99378395
F0192-0233,0.9956643
F6451-0681,0.9561634
F6475-6964,0.994393
F6265-0111,0.9997199
F2721-0298,0.9997366
F6514-4420,0.9983754
F6491-1141,0.97694093
F6507-9148,0.98940116
F6125-0118,0.988926
F6265-0145,0.99889565
F6609-8210,0.99458414
F6265-0077,0.9650361
F6443-7582,0.9966822
F2791-0316,0.9921894
F6378-0380,0.99399674
F6357-0949,0.9970355
F6452-0740,0.9557395
F5310-0072,0.9998248
F2721-0332,0.98515505
F2721-0356,0.9950787
F2721-0327,0.9980957
F2721-0338,0.98918855
F6451-0998,0.9934843
F6451-3211,0.988145
F5772-8320,0.95946616
F2721-0321,0.9994838
F2721-0417,0.9688177
F6471-2859,0.99904746
F2240-0220,0.9802725
F6514-4751,0.9881656
F6412-6777,0.98364854
F5679-0104,0.9557521
F6471-2864,0.9999441
F5788-1086,0.98574907
F2721-0339,0.99382085
F2721-0348,0.9939737
F6471-2860,0.99996436
F2199-0398,0.9838817
F6412-6557,0.99692374
F6488-2000,0.97348523
F0422-0016,0.9978988
F6125-0283,0.97076416
F6491-2000,0.97984546
F2240-0018,0.9730583
F5860-3678,0.9986607
F6559-3333,0.9979613
F0910-0187,0.9948968
F0421-0040,0.99409217
F6451-0665,0.99832696
F2883-0545,0.9995054
F6443-7821,0.99975544
F2721-0707,0.9992969
F6266-0359,0.9867329
F6266-0336,0.9633504
F2173-0923,0.9735125
F3375-2779,0.96639997
F1278-0491,0.96158195
F6226-0435,0.99956185
F6497-1762,0.96980053
F5827-0168,0.9980165
F1278-0617,0.9998518
F6475-4463,0.99999285
F5857-7570,0.99995863
F2721-0749,0.9599318
F5831-6050,0.98918706
F1278-0719,0.986219
F6495-5119,0.96975255
F6226-0053,0.99025494
F2670-0049,0.9808584
F6559-3458,0.9884902
F6155-0050,0.9894889
F6464-0698,0.99923766
F5047-0096,0.99678206
F6412-6589,0.99516356
F6514-4731,0.9894711
F6475-2963,0.9759462
F6523-2551,0.9932597
F2964-0666,0.99925107
F1278-0206,0.95737195
F6451-2637,0.99998415
F5831-9378,0.9884565
F5061-0011,0.9684055
F6412-6601,0.99991906
F5676-0021,0.9803745
F1278-0751,0.9975526
F1562-0161,0.96685547
F2721-0712,0.99979883
F5061-0132,0.9751831
F5828-0213,0.99874204
F6559-2013,0.9981406
F5323-0227,0.99718446
F6466-0053,0.99868554
F1278-0636,0.9997271
F6064-8598,0.9527306
F5860-3855,0.99945
F1193-0036,0.9873648
F5831-7530,0.9992873
F6420-0074,0.9871716
F2791-0305,0.9635318
F1533-0160,0.9953614
F6507-5707,0.9650813
F1278-0199,0.97000206
F6412-6788,0.99996316
F1193-0024,0.97097856
F6507-5884,0.9676801
F6412-6810,0.9999912
F5857-7956,0.9999924
F6420-0077,0.99999475
F1278-0701,0.98971456
F3319-0800,0.9941554
F6521-7739,0.9771016
F6475-7250,0.99970275
F6412-6733,0.99989784
F1278-0568,0.9999355
F6438-0043,0.9510932
F1885-0094,0.9892726
F2016-0492,0.9999769
F1193-0007,0.98801535
F1278-0583,0.99985886
F2016-0589,0.9999938
F0686-0072,0.9901102
F6448-1013,0.9912719
F6412-6809,0.9999914
F1885-0184,0.99998116
F6523-1960,0.99865144
F2553-0060,0.95132047
F6443-7940,0.99835217
F6524-4865,0.9947233
F1278-0709,0.996601
F1278-0660,0.9996444
F6559-0978,0.99408543
F1278-0758,0.9992866
F5142-0432,0.98697716
F6491-0039,0.9579095
F3072-0091,0.99937904
F6412-6603,0.99992955
F6222-0263,0.9679137
F1382-0014,0.9567669
F1124-0060,0.9690142
F2214-0167,0.9781172
F5141-0387,0.9987884
F1885-0396,0.9995047
F3332-0048,0.95870143
F5791-2137,0.99430895
F6514-4580,0.9999316
F1885-0698,0.99918634
F1885-0486,0.99870574
F6445-6883,0.9992305
F6359-3560,0.9533109
F6514-4297,0.9986908
F1278-0212,0.9996257
F1885-0335,0.96429914
F6204-0454,0.9998716
F1124-0016,0.99544996
F2214-0124,0.99986124
F6357-0566,0.9993717
F1124-0018,0.9992592
F1885-0637,0.99928075
F5890-0388,0.98866165
F6416-6672,0.95975304
F2214-0130,0.99985564
F6475-5003,0.9625787
F6545-0072,0.98692536
F6545-0057,0.9823216
F6541-4230,0.9959187
F5526-0122,0.99987054
F6524-1366,0.99383
F1885-0126,0.9762817
F6241-0339,0.99995375
F5488-0016,0.99994123
F6521-8109,0.9852496
F6279-0213,0.9844599
F0192-0265,0.99943644
F5831-9896,0.9985499
F6489-0495,0.98922056
F6488-0495,0.98030543
F5860-4039,0.9995776
F5488-0042,0.9996505
F3222-4205,0.9975896
F5225-0565,0.97732306
F5008-0078,0.9999889
F6481-3716,0.99888366
F5008-0047,0.999946
F6241-0336,0.9999542
F6524-2402,0.99997497
F6184-1288,0.9999927
F6514-4601,0.99995947
F5008-0049,0.99995315
F5076-0018,0.99988675
F5331-0481,0.9961514
F1885-0152,0.9999212
F5257-0489,0.9786751
F5008-0033,0.99999523
F5076-0017,0.99993134
F5008-0091,0.99990606
F6524-6357,0.95890474
F1885-0306,0.9998945
F6200-0653,0.99894196
F6559-3524,0.9762814
F6089-9839,0.9781684
F5857-7548,0.99948645
F1885-0023,0.99997234
F5008-0030,0.9999634
F5857-7555,0.9998785
F5488-0014,0.9995691
F5008-0089,0.99998724
F5772-7150,0.9985001
F5008-0076,0.999539
F5008-0090,0.99998724
F6089-9711,0.9803704
F1885-0305,0.99983144
F1885-0325,0.9999074
F6524-3849,0.9678526
F1885-0303,0.99973327
F5008-0036,0.9999988
F5860-2892,0.99992394
F1885-0326,0.99993515
F1885-0454,0.99970955
F6488-1071,0.96252936
F6443-1575,0.9956338
F1885-0154,0.998835
F5857-4937,0.97979754
F6524-4853,0.98201925
F5331-0162,0.99958926
F1885-0327,0.9988471
F1885-0627,0.9987846
F6561-9412,0.9971908
F2068-0652,0.9914431
F5488-0041,0.999871
F1885-0174,0.9998907
F5331-0001,0.9996239
F1801-0005,0.9845861
F5890-0238,0.9997259
F0919-5874,0.9958968
F1885-0026,0.9999825
F6548-1228,0.9991917
F5008-0093,0.99976486
F5008-0004,0.99986064
F1885-0457,0.9918052
F5005-0011,0.9977985
F5008-0075,0.9998754
F6514-4592,0.99484235
F1885-0329,0.9993734
F2147-0600,0.9621368
F2158-0475,0.9565845
F5857-4947,0.9713497
F2964-1423,0.9977799
F5831-9937,0.9999441
F6451-0534,0.98065144
F1885-0223,0.99985254
F5890-0012,0.99967873
F5008-0032,0.9994647
F6089-9837,0.9992623
F6436-3369,0.9676828
F1885-0631,0.9992799
F6443-1574,0.99716127
F6473-7965,0.99113125
F5008-0111,0.96627396
F3023-0011,0.99996173
F5331-0051,0.98825675
F5331-0064,0.9943838
F5047-0097,0.99887604
F5008-0009,0.9990214
F1885-0476,0.994189
F6443-1404,0.99814296
F2158-0474,0.9977822
F5008-0067,0.99911386
F5008-0068,0.99989843
F5008-0094,0.9982096
F5331-0352,0.96804607
F6153-0140,0.9896728
F5791-0741,0.9987581
F2016-0480,0.9994677
F5488-0035,0.9995907
F1885-0456,0.9985557
F5331-0289,0.98258245
F5331-0491,0.9869571
F1967-0974,0.98823893
F6153-0115,0.9999862
F5331-0145,0.9997472
F5008-0007,0.9999863
F1885-0630,0.999509
F0700-0135,0.98956734
F6089-9731,0.9817438
F6266-0341,0.9858904
F0526-1128,0.9763183
F5008-0042,0.99949753
F1885-0079,0.99989283
F1885-0176,0.9998616
F1885-0478,0.9977189
F2964-1452,0.99183697
F5310-0025,0.999926
F6443-1594,0.9999336
F3407-4192,0.95310396
F5331-0195,0.9976968
F1885-0224,0.9999447
F1885-0525,0.99760485
F1885-0381,0.9998598
F5833-8553,0.9925527
F3385-5934,0.9928254
F3398-5824,0.99265045
F1885-0526,0.99853635
F6411-1921,0.99939656
F6037-0805,0.9662543
F6548-1235,0.9994474
F6153-0173,0.99999833
F5331-0350,0.98814386
F2964-1438,0.9990571
F6523-2886,0.9650624
F2964-1513,0.9999244
F5331-0354,0.95386505
F6411-1926,0.9955615
F5882-6487,0.9996604
F1885-0230,0.99996734
F2016-0586,0.9981608
F6089-9835,0.99912924
F6490-0272,0.9624602
F6490-0848,0.9710025
F5857-5041,0.99945503
F6443-1486,0.9998741
F6488-0272,0.98574454
F5791-1362,0.99791664
F2773-0674,0.9846453
F6514-4348,0.97134477
F2862-0112,0.99529207
F5076-0009,0.9805668
F5331-0516,0.9850874
F6153-0183,0.9999721
F1885-0532,0.9778437
F5310-0017,0.9980648
F5331-0207,0.9999267
F6089-9716,0.9997174
F5331-0553,0.999969
F6443-1531,0.9990043
F5331-0542,0.99997056
F5331-0449,0.99368614
F6488-0848,0.9785432
F5857-8596,0.99985576
F5331-0503,0.99604744
F5788-0420,0.97264385
F5047-0061,0.97178596
F5331-0513,0.9999591
F5331-0490,0.9961993
F2862-0122,0.9998332
F6443-1092,0.99999046
F6443-1059,0.99998236
F5331-0351,0.99997056
F5331-0355,0.9708417
F5857-2313,0.999064
F2721-0307,0.9991854
F5331-0543,0.99997854
F5311-0088,0.9998573
F5331-0132,0.99456394
F6443-1556,0.9989549
F5331-0451,0.9776774
F6451-1203,0.9997557
F2721-0283,0.9771733
F6014-0229,0.9999962
F2880-0193,0.99805355
F6514-4370,0.9868389
F0550-0024,0.9588999
F2527-0069,0.96592593
F5652-3610,0.9998932
F2147-0612,0.9808941
F2147-0614,0.97045654
F6200-1553,0.99999356
F2748-0200,0.9974674
F6420-0139,0.9995316
F2721-0302,0.99907434
F2752-0166,0.99977237
F5331-0049,0.9999182
F2721-0318,0.9994128
F2752-0440,0.9999149
F1278-0720,0.9870929
F6497-1688,0.9917075
F3115-0090,0.9833891
F6294-0584,0.99968183
F6221-0081,0.98956954
F6412-6797,0.9828856
F2189-1028,0.99949133
F5831-1946,0.9999429
F6416-6530,0.9999962
F5331-0470,0.99998367
F2862-0196,0.9999895
F5772-7032,0.999542
F5331-0472,0.968217
F3374-0791,0.9955253
F5945-0213,0.9983394
F6412-6660,0.9999976
F5331-0443,0.9997316
F5331-0484,0.95913243
F6064-0516,0.9869218
F5331-0069,0.994468
F5832-0080,0.99990237
F5331-0441,0.9985166
F2721-0313,0.9984382
F5331-0452,0.9999379
F6412-6667,0.96678823
F6432-0157,0.99351704
F2721-0310,0.99929655
F6481-3474,0.9932367
F6420-0035,0.99954504
F2392-1306,0.9928883
F3225-3469,0.99660254
F6521-7914,0.9998647
F2721-0335,0.97663933
F6064-2143,0.9971169
F6451-1593,0.99995637
F6497-1989,0.9994961
F2721-0084,0.99872833
F6451-1606,0.95873123
F5331-0469,0.9999751
F0806-0836,0.9995864
F6412-6636,0.9711032
F2721-0324,0.9982582
F2147-0716,0.99961793
F2750-0106,0.997497
F2879-7428,0.99803
F6451-2638,0.99998903
F5331-0445,0.98767126
F6510-2891,0.96634847
F6412-6671,0.99998975
F5831-7033,0.95892274
F2234-0209,0.9955036
F5331-0468,0.9999422
F0327-0367,0.9501957
F6412-6708,0.9948573
F2234-0302,0.99442977
F2721-0077,0.99673176
F2964-2038,0.99996555
F2752-0168,0.9991134
F6414-0681,0.99154013
F6473-7927,0.96879107
F3111-0151,0.99972254
F2783-0341,0.96806884
F3411-8145,0.99997973
F2721-0342,0.9746131
F2721-0351,0.9928982
F5076-0062,0.9883499
F1105-0189,0.99958783
F2721-0329,0.9986553
F1278-0807,0.99044496
F2721-0078,0.99944526
F2721-0345,0.99858993
F5331-0193,0.9999391
F0412-0066,0.9856521
F3411-3964,0.9987876
F6190-1566,0.9999944
F6412-6755,0.9999981
F5857-6936,0.9996352
F6443-1549,0.9893027
F6378-0064,0.99999857
F1105-0074,0.9996239
F1193-0155,0.9913736
F0327-0365,0.9999734
F6436-3678,0.99997103
F2721-0423,0.97803247
F3411-3982,0.9999492
F2862-0258,0.99960774
F6412-6600,0.9977672
F5831-7948,0.99909675
F6412-6663,0.99995077
F6412-6695,0.9999981
F6469-1052,0.99999654
F0919-5325,0.99964464
F3411-3959,0.9999943
F2202-3479,0.9999281
F6412-6661,0.9999908
F3096-1078,0.954365
F0413-0001,0.99795485
F3055-0361,0.96998006
F3319-0801,0.9933781
F6036-0535,0.9998247
F6513-1826,0.993877
F0608-1033,0.9542754
F2493-3391,0.99967396
F6412-6776,0.9999964
F3411-4121,0.99926466
F3411-4426,0.99985945
F2862-0416,0.9999478
F3411-3972,0.99942917
F3177-0006,0.9991536
F1124-0117,0.9555132
F5331-0568,0.9976618
F6412-6747,0.9941403
F1124-0091,0.9809818
F0918-2000,0.967476
F3411-3960,0.999895
F1885-0719,0.9996388
F3177-0007,0.9990263
F3072-0055,0.9862656
F1301-0916,0.9996511
F6562-9481,0.95262015
F6521-7698,0.9778791
F3411-4592,0.9996958
F3411-4712,0.9998048
F5526-0063,0.9738607
F5139-0016,0.97254384
F1977-0007,0.99871886
F2879-0205,0.9997869
F1278-0166,0.9985732
F3009-1400,0.9999559
F3411-3979,0.999923
F3411-4425,0.9999645
F6514-4539,0.96032554
F3072-0087,0.9778391
F6250-0491,0.98567873
F6521-8231,0.972575
F3411-4521,0.99996305
F3411-4661,0.999944
F5490-0100,0.99958855
F5539-0047,0.9938577
F5539-0052,0.9775904
F6412-6822,0.9938421
F6222-0173,0.97670627
F9994-0367,0.9916732
F6125-0160,0.9975337
F6203-1936,0.999047
F5890-0423,0.9806231
F5890-0092,0.99896896
F5890-0163,0.98768115
F3411-3987,0.9999703
F3411-4427,0.99985313
F5536-0018,0.99833316
F2783-0108,0.99999964
F5540-0047,0.99965584
F5526-0139,0.9959726
F2879-0862,0.99949944
F6203-1949,0.9986424
F5141-0016,0.99740195
F3311-0026,0.99688536
F3411-4124,0.9999511
F5540-0025,0.9596184
F1278-0598,0.99984586
F5539-0057,0.95879483
F1124-0021,0.9999808
F6471-2861,0.9998266
F1885-0588,0.99917066
F3411-4544,0.99674124
F3411-4669,0.99953175
F6196-0994,0.9995617
F2721-0655,0.9981833
F6412-6664,0.9998518
F5540-0035,0.9763747
F6233-0248,0.9947103
F1278-0699,0.9958782
F5540-0020,0.9766417
F1278-0766,0.99753964
F6521-7709,0.98880893
F3225-8532,0.98815536
F5526-0072,0.97101104
F6233-0217,0.9952697
F1124-0078,0.98942965
F1885-0739,0.9989305
F6412-6748,0.9999927
F1885-0135,0.9952852
F2864-0052,0.9998324
F6414-0919,0.99888235
F3411-4591,0.99993455
F6521-7705,0.9925315
F6412-6871,0.98054826
F2752-0171,0.9987639
F6521-7713,0.999959
F1278-0182,0.9849598
F1885-0272,0.9883415
F2864-0066,0.9999645
F5890-0143,0.99995494
F1885-0121,0.9996661
F3225-8523,0.99503714
F1885-0395,0.99906033
F3411-4656,0.99661475
F1278-0677,0.9978946
F5539-0004,0.9996985
F5539-0089,0.9691463
F5833-5217,0.9989128
F5833-5218,0.9927759
F3411-4545,0.99971837
F6420-0455,0.999762
F3097-1442,0.97501945
F5142-0158,0.95343035
F6203-1942,0.99999356
F2348-0198,0.9579156
F1885-0423,0.99995565
F5539-0037,0.99793077
F3411-4543,0.9996593
F3172-0036,0.9998945
F3411-4132,0.99999607
F5536-0020,0.97594357
F5540-0053,0.99505377
F6252-7838,0.97128016
F5540-0084,0.992328
F5526-0050,0.9824781
F5257-0712,0.96034527
F2780-0241,0.999236
F6233-0213,0.9937657
F5526-0057,0.9723675
F5539-0069,0.99848276
F3411-4666,0.9623377
F6445-6902,0.99248356
F1885-0697,0.9996457
F5539-0048,0.99998736
F6523-2393,0.9986174
F6523-2570,0.99778533
F5540-0069,0.99997544
F5540-0021,0.98795563
F3411-4142,0.9999163
F5526-0045,0.98911464
F6089-3673,0.99995387
F1885-0568,0.99968433
F5539-0016,0.99997413
F5541-0049,0.95928764
F5833-6211,0.96710837
F3411-4129,0.98918766
F2016-0549,0.99996674
F3225-8499,0.9846123
F5526-0170,0.9824525
F5890-0501,0.99921644
F1977-0006,0.97498655
F5541-0037,0.99830353
F6521-7656,0.9948155
F5540-0016,0.999982
F5540-0048,0.99999344
F6556-1918,0.99964714
F6469-0679,0.99990666
F5540-0041,0.99998343
F3411-4554,0.96297896
F5539-0041,0.99998903
F6412-6852,0.96273625
F3411-4140,0.99740297
F1885-0574,0.9981336
F5539-0002,0.99995685
F5833-5418,0.9999964
F1278-0410,0.99792504
F5539-0085,0.986078
F2394-0002,0.99623364
F6412-6842,0.9980258
F6240-5082,0.9711657
F5539-0068,0.999997
F6412-6860,0.96263266
F5331-0023,0.9724034
F3411-4662,0.9999223
F3019-0032,0.96278465
F2752-0445,0.99944514
F6523-2624,0.99724126
F5833-6207,0.9987362
F6089-9489,0.9999554
F5540-0004,0.9992964
F6514-4464,0.99999666
F6517-1414,0.9769857
F6412-6946,0.9996666
F1142-1058,0.97037226
F6184-0777,0.9999765
F3411-4623,0.985849
F6203-1805,0.99992204
F6556-1937,0.99909735
F6233-0206,0.9999995
F1193-0039,0.9997851
F5536-0029,0.99789834
F5539-0065,0.9547845
F5539-0080,0.9999888
F6193-0113,0.9662266
F2879-3860,0.9992317
F6411-4397,0.99985814
F3411-4555,0.9999895
F6420-0473,0.9989367
F6064-8410,0.951793
F3368-0194,0.97968894
F6469-0586,0.9998834
F6424-0161,0.99652606
F3411-4432,0.99671644
F3411-4562,0.9998167
F5076-0058,0.9954904
F5539-0034,0.99996233
F6279-0221,0.95758945
F2068-0642,0.9767545
F5539-0023,0.95291567
F5488-0083,0.9987239
F3411-4667,0.9628388
F5527-2122,0.991954
F5488-0033,0.9931251
F0656-0585,0.9989899
F2848-0008,0.99254626
F5331-0059,0.99796057
F6279-0034,0.9946792
F2879-3799,0.99940443
F6279-0364,0.9794677
F3411-4636,0.9983071
F5540-0034,0.9998969
F5488-0108,0.9999362
F3177-0026,0.9736279
F5076-0015,0.9999994
F5540-0002,0.9998159
F5076-0066,0.9998809
F5331-0435,0.9662307
F3411-4631,0.99931705
F5076-0068,0.9999597
F5331-0021,0.96758974
F5076-0012,0.99999905
F0174-0274,0.99997413
F5076-0013,0.99998796
F0192-0217,0.9941637
F2446-0513,0.9995005
F2964-0862,0.99997914
F3411-4639,0.9945714
F2225-0016,0.9758922
F5076-0055,0.99993634
F5536-0002,0.99968064
F2820-0329,0.9572767
F3332-0046,0.999772
F0327-0319,0.999998
F2879-3817,0.9995956
F0327-0320,0.999998
F5076-0049,0.9993387
F5076-0031,0.99762446
F6351-0462,0.98549277
F6233-0526,0.9999993
F3368-0196,0.9696112
F0174-0270,0.99950397
F1562-0153,0.9763365
F5331-0311,0.9989303
F3375-0064,0.99998105
F6279-0576,0.9918147
F5076-0025,0.99999857
F5076-0048,0.999982
F5490-0050,0.9644362
F5076-0030,0.99856794
F2879-3822,0.999571
F5331-0022,0.98020005
F5331-0050,0.9709701
F6233-0547,0.98943883
F2504-0081,0.9989832
F3407-0454,0.99999595
F5488-0057,0.9999777
F1278-0394,0.9539534
F5076-0067,0.9999311
F5534-0103,0.963148
F5076-0053,0.9999696
F6153-0060,0.99999845
F0817-0057,0.9999988
F2017-0286,0.9709956
F5076-0081,0.9999994
F3375-0054,0.99947387
F2879-3845,0.99995935
F5076-0022,0.99999857
F6233-0195,0.9997533
F5534-0050,0.9943731
F2752-1188,0.9813861
F5488-0039,0.99995637
F5076-0071,0.9999801
F6279-0370,0.9800837
F1065-0542,0.99018985
F5488-0105,0.9980222
F2199-0375,0.99789584
F6233-0850,0.99982375
F5534-0037,0.99969864
F6412-6568,0.9948088
F3407-0609,0.9999703
F5076-0020,0.9961033
F5331-0434,0.9771746
F5535-0047,0.9979367
F6153-0134,0.96888214
F3411-4637,0.9987877
F5331-0310,0.9994165
F5076-0070,0.99999356
F5485-0610,0.9999652
F6412-6801,0.95250046
F1885-0153,0.9991136
F5534-0047,0.9976699
F5534-0052,0.98947704
F5488-0079,0.99496067
F2017-0285,0.9731482
F5833-4897,0.98147166
F3296-0381,0.99851745
F3368-0167,0.9993261
F5967-0111,0.99381727
F3244-0375,0.999741
F6469-1034,0.9999784
F6350-0010,0.9997545
F5076-0029,0.99997175
F5331-0058,0.9984363
F5076-0089,0.9963727
F6412-6775,0.9999974
F1885-0092,0.99997246
F3407-0517,0.99999225
F5076-0090,0.99969935
F6089-4750,0.99520504
F6469-1023,0.99996746
F5076-0043,0.9989569
F5076-0041,0.9962488
F5488-0060,0.99892336
F0537-0480,0.99996126
F3296-0315,0.99631834
F6250-0278,0.99866784
F5008-0086,0.99381614
F3019-0003,0.9951374
F0617-0442,0.9999993
F5331-0165,0.982051
F5331-0166,0.982051
F5331-0309,0.9994165
F6153-0063,0.99997437
F5008-0087,0.99454427
F5488-0063,0.99857855
F5076-0027,0.9994734
F5488-0019,0.9986786
F5488-0068,0.9853152
F5833-4205,0.96240103
F6469-1026,0.9999547
F0537-0388,0.98824584
F1885-0455,0.9994735
F1885-0394,0.99989104
F1301-0242,0.98001647
F3055-0755,0.9999975
F5076-0075,0.99996984
F1105-0111,0.9999529
F6516-0865,0.9648981
F5534-0117,0.994445
F3296-0405,0.9929725
F3375-0069,0.99995303
F3055-0125,0.9783111
F3244-0381,0.9999994
F5076-0007,0.991963
F0348-0021,0.99964416
F5076-0084,0.99997675
F3096-1357,0.9664542
F3367-0012,0.99798065
F6153-0167,0.999421
F5331-0438,0.999977
F3296-0286,0.9979372
F3296-0355,0.99978167
F1885-0696,0.9923274
F3296-0280,0.99999726
F3244-0389,0.9989027
F0537-0356,0.9999981
F3296-0321,0.999741
F3375-2104,0.99988186
F6495-4175,0.99996316
F2431-0679,0.99943465
F5488-0045,0.9999236
F2752-1736,0.999856
F3296-0336,0.9873635
F5488-0077,0.9992269
F3296-0357,0.99776876
F3375-0068,0.99850875
F3407-0554,0.9999763
F6153-0154,0.9999459
F6443-1583,0.99245113
F3296-0414,0.9754023
F0537-0420,0.99999535
F5857-5020,0.99928707
F6153-0104,0.9998617
F3244-0386,0.9998122
F6089-5040,0.9999974
F1885-0307,0.99983394
F5488-0109,0.98876077
F3296-0265,0.9999924
F0617-0364,0.9999993
F0617-0052,0.9999933
F1885-0545,0.9936511
F2781-0125,0.97293043
F3321-0139,0.98821324
F6436-3952,0.999561
F6412-6547,0.97765267
F0537-0332,0.999987
F3375-0058,0.9998185
F3375-0059,0.99891007
F3296-0408,0.99997485
F5535-0037,0.9964056
F3296-0276,0.999713
F3055-0121,0.97375983
F1885-0156,0.9987134
F5589-0487,0.99477935
F0617-0104,0.9999609
F3296-0350,0.9999989
F3296-0331,0.99904114
F5331-0004,0.99998426
F1562-0175,0.99481565
F2781-0063,0.98181987
F3055-0118,0.9881721
F3296-0273,0.99916255
F3296-0372,0.999297
F1885-0609,0.99950266
F0617-0078,0.99984133
F3222-1206,0.99985695
F2356-1534,0.9999875
F0617-0156,0.99999547
F3296-0317,0.99999785
F3296-0334,0.9999989
F2781-0096,0.9880441
F2806-0100,0.96006346
F6239-0339,0.9591294
F0537-0528,0.9999964
F3055-0123,0.9999269
F6372-0005,0.999501
F5834-4999,0.9856287
F3375-0056,0.9958539
F3375-0057,0.9981205
F5331-0002,0.99389356
F2781-0020,0.9719695
F6218-0169,0.978222
F0623-0793,0.9980888
F5890-0498,0.9921606
F2781-0090,0.983127
F5008-0124,0.9999442
F2781-0050,0.97962016
F0617-0026,0.99999917
F2781-0069,0.9732588
F2781-0068,0.99044997
F2781-0124,0.99695075
F3375-2107,0.96504116
F3244-0391,0.9602992
F0617-0260,0.9999932
F3375-0072,0.99963033
F0617-0182,0.99999547
F2964-2053,0.99992585
F2781-0119,0.9906131
F0617-0234,0.9593345
F0617-0286,0.9999981
F2964-2083,0.99999046
F6221-0169,0.9923006
F2781-0054,0.98026925
F6153-0092,0.99192613
F2964-1498,0.99971205
F2096-0007,0.999997
F6240-6575,0.9525465
F2781-0021,0.9868998
F3382-8273,0.99866915
F3411-0349,0.95965576
F5490-0540,0.9989182
F5331-0464,0.9966822
F5008-0115,0.99848586
F3222-1207,0.99975866
F3296-0263,0.9629285
F2964-1497,0.9996449
F3284-8485,0.9999496
F2781-0009,0.99719405
F3374-0610,0.9926999
F5331-0546,0.97820574
F5331-0148,0.9997571
F2781-0086,0.99262846
F6233-1817,0.9650192
F6153-0136,0.9878648
F2781-0061,0.99203706
F0648-0440,0.9985781
F0617-0390,0.9999944
F2096-0842,0.9999099
F2781-0091,0.99275714
F2313-0197,0.9963503
F6089-4350,0.9998598
F3382-7808,0.955466
F2781-0019,0.9968843
F2781-0010,0.9988888
F2781-0048,0.9933155
F3406-1180,0.9992982
F5226-2251,0.99930704
F6218-0081,0.9907774
F6482-7353,0.99947053
F2721-0288,0.99166894
F2748-0221,0.95911884
F2781-0122,0.9921914
F3244-0409,0.99856794
F2096-0703,0.9818725
F6515-1049,0.9991893
F2721-0653,0.9991899
F5831-1920,0.9996636
F3411-3958,0.9999516
F0526-1893,0.97461855
F2721-0636,0.99887687
F5226-2072,0.9991979
F6412-6577,0.98745036
F0617-0208,0.9996201
F2009-0211,0.9579223
F0617-0130,0.9997012
F5331-0510,0.9925321
F5331-0530,0.9996008
F3222-2730,0.9996824
F6349-1120,0.9997371
F5331-0504,0.9999745
F5600-0483,0.99936396
F3222-2732,0.9999589
F5226-2173,0.99989605
F0327-0384,0.99963677
F5331-0569,0.99836904
F2664-0143,0.98191226
F6154-0063,0.985165
F0327-0385,0.9999738
F2781-0042,0.9979482
F5331-0458,0.9999732
F5763-0130,0.9999993
F6443-7672,0.9999846
F6451-1645,0.9883455
F3375-2778,0.9619321
F2964-1948,0.99942195
F6349-1321,0.9868924
F3411-4769,0.99900097
F2664-0154,0.9910194
F2964-1587,0.99994147
F3411-3962,0.9999498
F3411-3969,0.99989974
F0537-0032,0.97268885
F2664-0148,0.9647786
F2664-0150,0.99973553
F2664-0151,0.98410255
F5331-0541,0.9999225
F2096-0936,0.99808
F2664-0172,0.9697232
F1885-0032,0.9997397
F6196-0895,0.9971535
F1885-0036,0.999969
F2721-0648,0.9979886
F1885-0031,0.9997948
F1885-0041,0.9999554
F5226-2074,0.99861324
F5226-2249,0.99999464
F1885-0040,0.9999554
F3222-2435,0.9999546
F6203-1614,0.9999963
F6349-0755,0.97581506
F6349-1119,0.97253835
F5882-3978,0.9554652
F6089-9165,0.9647562
F5331-0368,0.9899412
F2721-0645,0.99875367
F2664-0153,0.97461945
F0915-2826,0.99748576
F5226-2129,0.99617827
F3411-4104,0.999861
F1885-0038,0.9999794
F2664-0158,0.9998797
F3411-3975,0.9995303
F2664-0142,0.99999785
F2664-0144,0.99993205
F3374-0267,0.999181
F1885-0334,0.9994936
F2096-1030,0.9999914
F2668-0154,0.98943394
F5835-0603,0.99998605
F2664-0184,0.99993944
F3411-4106,0.99969006
F3411-4589,0.9999368
F2664-0141,0.97411716
F2664-0180,0.99991524
F2664-0185,0.9999591
F1885-0333,0.9986518
F3165-1362,0.9769059
F5331-0511,0.9996816
F5600-0477,0.99205595
F2668-0143,0.9728019
F2721-0627,0.9692518
F6412-6576,0.9999889
F5331-0213,0.99807066
F1885-0007,0.9999927
F1278-0626,0.9996438
F1885-0044,0.9999714
F1885-0090,0.9999925
F3411-4711,0.9995303
F5535-0086,0.9706788
F6451-1725,0.9998313
F3374-0254,0.9850795
F5331-0485,0.99926656
F1278-0648,0.9981019
F2872-0123,0.99956304
F2721-0709,0.9990388
F5857-5042,0.9959997
F2016-0301,0.99997914
F0537-0132,0.9757489
F1124-0006,0.9952336
F0623-0292,0.99998796
F2664-0170,0.99989736
F6412-6591,0.99216753
F2668-0150,0.9987834
F3411-4653,0.99995077
F1885-0075,0.9999889
F0911-2664,0.9985784
F2016-0117,0.9998104
F3222-2733,0.99999
F3411-4429,0.99748164
F6412-6641,0.9970572
F3411-4710,0.99996066
F1885-0641,0.99962485
F2016-0357,0.9999957
F3374-0250,0.9999825
F2016-0303,0.9999893
F0850-2095,0.9996996
F1885-0140,0.9999938
F3374-0272,0.9975625
F6242-1527,0.993454
F2664-0168,0.9722064
F5791-1275,0.9921755
F1278-0601,0.9995826
F1885-0636,0.99722505
F0554-0073,0.99994373
F3411-3984,0.99980766
F3411-3981,0.99998724
F1885-0635,0.9962798
F2721-0297,0.99968076
F3374-0275,0.9999796
F2016-0321,0.999961
F2721-0320,0.99979085
F0018-0228,0.9991047
F3411-4122,0.99621946
F5331-0357,0.99874276
F2668-0180,0.9999107
F3411-4131,0.9999528
F3411-4138,0.9964451
F3411-4595,0.9999777
F1885-0076,0.9998845
F1885-0392,0.99981123
F1278-0414,0.9901788
F0327-0368,0.99791783
F1885-0062,0.9998834
F1885-0487,0.9993777
F2044-0002,0.99989223
F3411-4419,0.99996066
F0554-0016,0.99997807
F2016-0127,0.99997425
F2016-0351,0.99998844
F3374-0271,0.98944867
F3411-3980,0.99997854
F5226-2158,0.99371403
F1885-0377,0.9998845
F2668-0144,0.99991894
F2668-0142,0.9999975
F2668-0141,0.95129436
F1885-0143,0.999992
F1885-0679,0.99944144
F3411-4668,0.999403
F6154-0199,0.9998474
F1885-0378,0.9999237
F6153-0153,0.9999716
F2016-0306,0.99998796
F5226-2208,0.9951551
F5536-0017,0.9873093
F2016-0308,0.9999583
F2016-0119,0.9999093
F2781-0140,0.97953415
F3411-3977,0.9999895
F2016-0118,0.99992025
F2721-0647,0.9997656
F2781-0141,0.99853015
F3411-4116,0.99996364
F1897-1080,0.9994733
F6203-1669,0.9955094
F6451-3108,0.99991596
F2016-0260,0.9999937
F5226-2265,0.99837685
F6469-1694,0.9999895
F2016-0214,0.9998945
F2668-0153,0.96908724
F2721-0652,0.99933225
F5488-0089,0.96859956
F1278-0159,0.994294
F1885-0667,0.9990201
F3411-4625,0.9999603
F5331-0562,0.9999529
F2724-1585,0.97612315
F6513-1760,0.98975897
F1885-0744,0.9999721
F6412-6707,0.9913087
F2016-0112,0.9999914
F2016-0108,0.99999094
F3398-4961,0.99999726
F3411-3985,0.9999808
F5536-0005,0.9981633
F1885-0740,0.9999646
F1885-0741,0.99989784
F5600-0485,0.9805268
F1885-0445,0.9999052
F1278-0689,0.9866274
F1885-0653,0.9992506
F1885-0528,0.99870026
F1885-0680,0.9984112
F1885-0028,0.9999547
F3411-3965,0.987245
F3411-4133,0.9998369
F3411-4547,0.99976534
F2668-0170,0.9998714
F2553-0204,0.9707639
F3411-3961,0.99994254
F3411-3963,0.9999962
F6469-2153,0.96514523
F3411-4528,0.9986916
F2668-0168,0.9740649
F1885-0330,0.99908805
F2721-0428,0.96268845
F1278-0774,0.99998295
F6548-2800,0.9782703
F2016-0323,0.99997735
F2964-2323,0.99938834
F1885-0142,0.99982834
F2784-0108,0.9999995
F2784-0111,0.9999523
F1885-0139,0.9999454
F5526-0066,0.9993612
F5890-0231,0.9846086
F3411-4566,0.9997181
F2721-0640,0.99969983
F1885-0747,0.9999672
F2721-0008,0.97045845
F3411-4523,0.99886924
F3411-4626,0.9999572
F6412-6587,0.9999918
F0623-0311,0.9998191
F0423-0108,0.9990829
F5600-0520,0.98846775
F1885-0543,0.99805754
F3411-4537,0.9999279
F1885-0529,0.99805754
F2721-0304,0.9998652
F0554-0057,0.99997795
F2721-0650,0.99964833
F3099-0537,0.99650794
F3411-4139,0.9999341
F5839-0198,0.9691985
F5536-0007,0.9940631
F3411-4600,0.996126
F1885-0078,0.9999602
F5839-0207,0.9857129
F1885-0229,0.9997366
F0265-0940,0.99975234
F0554-0301,0.9998944
F2721-0018,0.9845244
F2721-0641,0.99987876
F3411-4524,0.9998272
F3411-4560,0.9999658
F2668-0185,0.999946
F5860-3783,0.9947096
F3411-4713,0.9992176
F3411-4714,0.9740669
F1885-0380,0.99969673
F2721-0218,0.98518723
F2721-0656,0.9986971
F3411-4128,0.9954898
F3411-4130,0.9787819
F6513-1887,0.9999969
F3411-3988,0.99862075
F3411-4616,0.9999914
F3411-4620,0.988813
F1885-0743,0.99969566
F5534-0071,0.9999907
F0526-1510,0.9997904
F0617-0077,0.99993837
F3411-4654,0.9988575
F6203-1966,0.9860858
F6372-2273,0.99995935
F3411-3968,0.99982387
F3411-4604,0.9999695
F3411-4628,0.9999163
F1885-0387,0.99597186
F5526-0004,0.99189526
F5536-0009,0.99836403
F1885-0089,0.9999815
F3411-4137,0.986081
F1885-0240,0.9999254
F1268-0008,0.99993587
F3411-4541,0.9997894
F3411-4607,0.9999604
F5882-3974,0.97042006
F0554-0928,0.95420206
F1885-0742,0.98806655
F1885-0386,0.9704983
F2016-0148,0.99999046
F2016-0149,0.99998665
F1885-0294,0.99756646
F3411-4549,0.99996364
F3411-4725,0.98850995
F2721-0086,0.99989545
F3411-3983,0.95908606
F2016-0342,0.9999957
F2721-0343,0.9992663
F3411-4614,0.9937169
F1885-0086,0.99655306
F3411-4557,0.9585486
F2016-0126,0.99999416
F3411-4754,0.98858076
F5331-0076,0.995355
F5534-0089,0.9999895
F6412-6648,0.99387795
F5534-0093,0.9999585
F1885-0391,0.9999584
F3411-4532,0.9997464
F3411-4629,0.9998356
F6469-1662,0.9814363
F3411-4417,0.9999943
F0623-0305,0.9999069
F1885-0682,0.99934965
F3177-0077,0.9733682
F3411-4136,0.9602983
F1885-0388,0.9954331
F1268-0152,0.99889684
F0623-0720,0.99657923
F2016-0343,0.99999475
F2721-0639,0.9999213
F6233-0224,0.9977931
F3411-4546,0.9990038
F3411-4561,0.999985
F0623-0393,0.99953246
F6556-1941,0.9999219
F1885-0693,0.9988274
F2202-3503,0.95413524
F6153-0129,0.9858472
F5222-0010,0.99987876
F1278-0177,0.9997993
F3411-4608,0.97461015
F1885-0531,0.9984017
F6203-1975,0.9549266
F3411-4550,0.9999783
F3411-4601,0.99812907
F3017-0029,0.98548317
F3411-4558,0.9999777
F3411-4633,0.9999838
F1885-0596,0.986046
F3382-6317,0.9988432
F2721-0443,0.9997447
F1885-0087,0.9991335
F5331-0025,0.96510506
F3083-0039,0.99595404
F3411-4659,0.97490305
F5331-0032,0.9915657
F1278-0187,0.99983823
F6556-1955,0.9991491
F2721-0099,0.9684041
F5541-0081,0.97267026
F2721-0042,0.9827155
F2721-0072,0.99973816
F3411-4107,0.9999021
F3411-4627,0.9999838
F2721-0065,0.99997866
F5331-0019,0.9583098
F5833-6204,0.99600756
F6412-6848,0.9985238
F3411-4421,0.96688485
F5331-0073,0.9845627
F6412-6855,0.9897362
F3411-4428,0.999997
F3411-4618,0.99999475
F3411-4720,0.9555267
F2668-0190,0.9946614
F2668-0191,0.9964902
F2721-0051,0.9509921
F3411-4622,0.9949575
F2721-0361,0.9998023
F5331-0011,0.9999796
F6424-0720,0.9801967
F6233-0537,0.99035877
F3411-4141,0.99961084
F5835-0602,0.9967458
F3411-4420,0.9999962
F3411-4815,0.9964056
F1885-0542,0.9917926
F2016-0246,0.9999871
F0623-0304,0.9985221
F3411-4730,0.9943441
F3398-3379,0.9994967
F3411-4817,0.9933941
F0623-0040,0.98608184
F5541-0041,0.99996734
F0909-0408,0.9997949
F0846-0759,0.9793549
F5536-0016,0.9973367
F5331-0219,0.9999696
F2271-0331,0.9996878
F3225-8502,0.9973346
F3411-4635,0.9999789
F2271-0367,0.9994124
F3411-4540,0.9999863
F3411-4553,0.9949155
F3411-4559,0.97523075
F6521-7732,0.9999033
F3411-4823,0.9806184
F2721-0638,0.999987
F5331-0536,0.999845
F5331-0163,0.99953616
F6233-0877,0.99978095
F3411-4568,0.999292
F5331-0167,0.9948344
F5539-0066,0.9998965
F3411-4112,0.9539837
F3406-2391,0.99987245
F5544-0017,0.9889037
F6089-2931,0.9590693
F6233-0885,0.9999982
F2016-0439,0.9999852
F1193-0082,0.999948
F5331-0036,0.9999608
F1193-0087,0.9999758
F5544-0020,0.99833137
F3411-4638,0.9998006
F1032-0090,0.9984994
F1193-0083,0.97864956
F3411-4630,0.99054176
F0623-0012,0.99741626
F0623-0832,0.9890855
F1809-0200,0.99790263
F3411-4144,0.9998348
F3411-4556,0.96978164
F6372-0867,0.9999443
F5331-0009,0.9999579
F2848-0013,0.98985213
F5331-0273,0.99981505
F2271-0326,0.9998204
F1175-0070,0.9962335
F3406-2392,0.9999337
F1193-0084,0.95734364
F1193-0089,0.99323106
F2271-0373,0.9985323
F2271-0357,0.9974196
F2271-0371,0.9993772
F3225-8511,0.9837144
F2721-0128,0.9753724
F3398-3378,0.99933773
F3411-4818,0.99429506
F2242-0277,0.9989102
F3411-4423,0.99999714
F2271-0339,0.9990446
F3017-0053,0.9974929
F6372-2765,0.9999403
F3411-4609,0.9718883
F3411-4734,0.9824363
F3411-4735,0.9945253
F6412-6834,0.9999411
F3411-4634,0.9999647
F5331-0362,0.99997234
F6233-0544,0.9925615
F3055-0919,0.975905
F3411-4751,0.99690753
F2271-0366,0.99899644
F2271-0521,0.9993622
F3072-0034,0.9962882
F3411-4745,0.98881906
F5544-0022,0.992007
F0623-0216,0.9994011
F0192-0358,0.999171
F0841-0088,0.99414945
F1193-0053,0.9933963
F5763-0246,0.9999844
F5539-0087,0.9978672
F0623-0217,0.9999937
F1193-0093,0.9992161
F0623-0833,0.9970655
F3406-2394,0.9999521
F1885-0435,0.9999763
F3411-4820,0.97234976
F5331-0558,0.96769965
F1193-0090,0.9884878
F5536-0023,0.9996051
F3411-4737,0.9816846
F6210-0659,0.9985184
F5008-0034,0.9975458
F5535-0035,0.98755205
F3411-4746,0.9907132
F5834-2858,0.98115826
F3375-0071,0.9997008
F5540-0087,0.9832465
F3407-2732,0.973117
F5534-0004,0.99517184
F3244-0390,0.9986725
F1142-3474,0.97841257
F2508-1431,0.9973525
F6414-3729,0.98398006
F5544-0061,0.9961002
F3411-4747,0.96095294
F0909-0346,0.9988605
F3411-4821,0.9641418
F6372-0011,0.9619201
F5488-0040,0.98707217
F0554-0044,0.9999914
F3411-4733,0.96829426
F5534-0041,0.9999926
F3072-0020,0.9995338
F1562-0222,0.9999502
F3244-0388,0.9999094
F2602-0162,0.98067725
F2271-0426,0.9997538
F1881-0979,0.9846913
F3225-8526,0.9918526
F3225-8527,0.9926944
F2271-0381,0.9865578
F6233-0515,0.99678135
F3411-4826,0.9978942
F1193-0099,0.9999256
F3375-2110,0.99980885
F3375-2111,0.99983275
F6412-6549,0.9949008
F3225-8496,0.9942983
F3244-0378,0.9999641
F0554-0101,0.9999932
F2016-0091,0.99966455
F5534-0112,0.99999344
F6438-0550,0.9948695
F0375-0097,0.99999833
F0623-0128,0.96241164
F5126-0758,0.9954959
F0327-0315,0.9917494
F1193-0101,0.9987697
F0914-3180,0.999708
F3207-0035,0.999997
F0725-0495,0.99985003
F5534-0016,0.997366
F0327-0316,0.9979097
F3296-0415,0.9999757
F1885-0130,0.9999883
F6363-0922,0.97874725
F3411-4825,0.9550823
F2016-0346,0.99997973
F3225-8544,0.99316
F3407-2291,0.999997
F2320-0325,0.9880117
F3225-8494,0.98911625
F1885-0432,0.99998796
F2271-0571,0.9942796
F3225-8541,0.9910433
F3225-8556,0.99997735
F1885-0527,0.9966216
F3055-0722,0.99208343
F3296-0454,0.99811065
F6469-0926,0.99999535
F2016-0053,0.99919266
F0537-0540,0.9999901
F3177-0042,0.9999964
F5534-0002,0.9812578
F3296-0580,0.999987
F5535-0052,0.98718715
F1193-0100,0.99961853
F3375-2100,0.97380596
F5607-0118,0.9806058
F0537-0376,0.999997
F0623-0439,0.9999846
F1885-0151,0.99999833
F1885-0734,0.99985623
F3225-8493,0.9917822
F3367-0015,0.9960543
F3225-8543,0.999627
F3244-0465,0.9990258
F3375-2112,0.971208
F3072-0038,0.99757737
F3394-0849,0.99913496
F5607-0120,0.99996793
F3296-0282,0.9999218
F2016-0770,0.9991761
F1885-0134,0.99999356
F3375-2059,0.97511125
F3296-0347,0.9875639
F1885-0453,0.9999963
F1885-0755,0.99998236
F6411-3633,0.9999751
F3225-8520,0.99966645
F1885-0583,0.99983764
F0617-0416,0.99999654
F2016-0055,0.9719657
F3072-0037,0.9999325
F3225-8547,0.97734135
F6240-6568,0.9999366
F2960-0114,0.9989672
F5324-0089,0.9999138
F2016-0681,0.99942917
F2189-1000,0.9955064
F1609-0599,0.95857733
F0617-0312,0.9999995
F1881-1141,0.96187115
F2721-0231,0.9847513
F3411-8457,0.979259
F5226-2093,0.9992017
F2356-1482,0.998324
F5607-0218,0.9973367
F6443-1436,0.9995478
F5331-0006,0.9999713
F1602-0570,0.9991781
F5535-0048,0.9977506
F5331-0147,0.9989435
F1885-0302,0.9988213
F3398-5082,0.9831656
F3072-0026,0.99968946
F1603-0129,0.99920756
F5860-4353,0.99987364
F0648-0149,0.99893373
F3398-3722,0.999925
F2016-0773,0.99570173
F1885-0604,0.99415237
F0537-0448,0.9999893
F6253-0885,0.9997391
F5600-0524,0.99722916
F5526-0096,0.9994326
F1880-0028,0.99750584
F5835-0290,0.99087757
F5226-2119,0.99898344
F2016-0682,0.99828714
F1609-0588,0.964415
F0651-0543,0.99547714
F1601-0444,0.9998646
F6152-0203,0.9997086
F3398-3731,0.9999547
F1609-0592,0.9680228
F1602-0027,0.9757565
F5331-0466,0.999959
F2781-0097,0.98607904
F3072-0009,0.99968946
F5600-0531,0.99999666
F1881-0091,0.9997764
F1609-0598,0.99989164
F0617-0441,0.9999815
F3411-3967,0.9996755
F5331-0060,0.99131167
F2096-1077,0.9878249
F1880-0783,0.99698526
F3398-5244,0.9911486
F0651-0535,0.9791764
F1609-0602,0.99999726
F0623-0745,0.98782235
F0911-2667,0.99220663
F0651-0534,0.9985078
F0651-0542,0.9999925
F3411-3978,0.9999776
F3411-4110,0.99988925
F0651-0541,0.99998057
F3411-4593,0.9995116
F0623-0716,0.97839123
F1885-0080,0.99998474
F0327-0202,0.99719584
F3374-0265,0.9983725
F1885-0029,0.99980193
F0623-0717,0.98827106
F5893-0520,0.9872206
F2016-0497,0.9999865
F2016-0495,0.9999546
F0623-0468,0.9876572
F1885-0382,0.99997437
F2724-1967,0.995877
F2016-0405,0.99995863
F3411-3971,0.999997
F3411-3974,0.9999497
F0651-0538,0.99994683
F1885-0069,0.99999094
F2016-0409,0.9997981
F3411-3970,0.9999794
F0537-0716,0.9839151
F3411-4113,0.9934295
F3411-4597,0.9999628
F0694-0072,0.99999595
F1885-0684,0.99967813
F1601-0032,0.99441904
F1885-0371,0.9999206
F5226-2205,0.9999654
F5600-0486,0.9999727
F3411-4522,0.99995685
F3411-4526,0.99996626
F2016-0206,0.99998546
F0617-0363,0.9999937
F0623-0360,0.9974197
F1885-0059,0.9994142
F2016-0493,0.99998796
F2964-2353,0.99977523
F2016-0307,0.9999721
F3411-4127,0.9999825
F1885-0091,0.99999654
F1885-0331,0.99731606
F2016-0216,0.99992657
F5600-0523,0.99995244
F0651-0545,0.99995553
F0266-5490,0.95506066
F2016-0133,0.99998057
F1885-0361,0.99726725
F1885-0633,0.9996213
F1885-0673,0.9995466
F2016-0132,0.99998474
F2016-0244,0.99998975
F3374-0288,0.9999993
F2016-0505,0.99959975
F6242-1514,0.97940344
F3411-4619,0.9895755
F2016-0209,0.9999863
F2016-0408,0.99974126
F2016-0113,0.99997807
F0623-0237,0.9999726
F2016-0499,0.99014825
F0617-0419,0.99999225
F0902-2233,0.9894735
F1885-0220,0.9933729
F2016-0226,0.99997246
F3072-0036,0.99989974
F2016-0414,0.9997907
F3411-4105,0.99982893
F6549-9622,0.9909973
F2016-0115,0.99997556
F0617-0029,0.9999907
F0617-0341,0.99999034
F2490-0401,0.9933873
F2016-0418,0.99996066
F0327-0373,0.9676555
F0617-0103,0.99991035
F2016-0309,0.9999815
F3398-5085,0.9999863
F3411-4530,0.99987924
F3411-4594,0.99950457
F3411-4632,0.99996614
F0617-0051,0.99997973
F1759-0083,0.999553
F1885-0663,0.997883
F2016-0225,0.99997675
F2016-0327,0.99999356
F2490-0411,0.9940849
F3411-4527,0.9999695
F5839-0228,0.9999888
F3411-4538,0.9999678
F3411-4117,0.9582337
F0617-0081,0.9999752
F1885-0393,0.9999026
F3411-4525,0.9993405
F2016-0399,0.9999794
F2016-0400,0.9999546
F3411-4563,0.95379144
F3411-4596,0.9999827
F0623-0758,0.99778724
F0554-0586,0.99999523
F2016-0403,0.9999907
F2016-0502,0.99823016
F2016-0326,0.99999535
F0617-0055,0.99988365
F0623-0712,0.99973696
F1750-0081,0.95854384
F2016-0410,0.9997937
F3398-5247,0.981875
F3411-4548,0.9999902
F0623-0187,0.9999434
F3411-4552,0.9998591
F0623-0015,0.9933066
F0623-0809,0.99981004
F0617-0155,0.9999267
F2016-0231,0.9999924
F1885-0512,0.98994195
F5534-0086,0.9999894
F0623-0203,0.9999416
F0623-0204,0.99998367
F2016-0125,0.9999924
F3411-4715,0.98499715
F2444-0420,0.99598455
F2016-0060,0.99998724
F2016-0229,0.9999938
F0554-0020,0.99998903
F6089-4301,0.99108666
F2016-0419,0.9999722
F2016-0420,0.9999671
F0617-0133,0.99998605
F3411-4109,0.9910815
F9994-0524,0.99920803
F0554-0077,0.9999839
F0554-0358,0.9999802
F0537-0608,0.9735955
F3411-4539,0.977785
F3411-4721,0.9972275
F0554-0627,0.99999356
F0161-0289,0.9998336
F3411-4534,0.99997425
F3411-4732,0.98356473
F0623-0762,0.993028
F3244-0481,0.9986003
F3411-4123,0.9999144
F5331-0039,0.9749063
F3411-4567,0.9999795
F3411-4143,0.99999416
F0623-0185,0.99996316
F2016-0445,0.99984634
F3374-0253,0.99996316
F3411-4617,0.9999918
F0617-0025,0.9999869
F2016-0218,0.9999821
F3411-4658,0.99997413
F2016-0516,0.9999733
F2096-0879,0.9961002
F3411-4533,0.9966723
F3411-4564,0.99997115
F0617-0211,0.95332295
F2016-0501,0.999966
F3411-4431,0.9998746
F5534-0085,0.9999913
F0554-0875,0.9999597
F0617-0259,0.99998176
F2016-0404,0.99996793
F0617-0003,0.9999924
F2016-0253,0.9999881
F5534-0083,0.9999813
F2016-0228,0.9999707
F0554-0399,0.9999609
F0617-0237,0.99999666
F5331-0072,0.9999925
F5541-0131,0.9930669
F2016-0316,0.99700433
F3411-4551,0.99994195
F5331-0020,0.9999559
F3177-0067,0.9799962
F3411-4621,0.9912674
F3411-4624,0.9609693
F1885-0071,0.9999306
F1885-0070,0.9998179
F0617-0181,0.9999901
F3411-4430,0.99999404
F2016-0223,0.9999932
F3411-4717,0.9734657
F0554-0641,0.9931821
F2016-0222,0.9999871
F2016-0425,0.9999871
F0617-0285,0.9999764
F2444-0389,0.9990194
F3411-4605,0.9999627
F3411-5433,0.9605193
F0617-0159,0.9999932
F2016-0521,0.97658634
F5540-0100,0.9999994
F0554-0134,0.99998224
F2016-0605,0.9999862
F2016-0412,0.99994445
F3411-4114,0.9998616
F3411-4535,0.99998045
F5331-0169,0.98551685
F0617-0263,0.9957807
F2444-0403,0.9987472
F2444-0402,0.9664355
F1673-3058,0.9935371
F5331-0137,0.99997544
F1885-0221,0.9999759
F2016-0518,0.99995327
F0617-0389,0.9999813
F2444-0399,0.9935905
F2077-0990,0.9931399
F2016-0522,0.9815668
F3411-4660,0.95678264
F5331-0369,0.9999906
F2016-0235,0.9997086
F2016-0606,0.99997306
F2444-0464,0.9686214
F2016-0447,0.9999951
F1885-0222,0.99982196
F3411-4565,0.965892
F0617-0367,0.99999726
F0617-0415,0.9999813
F2016-0417,0.99998915
F0554-0248,0.9999895
F3411-4794,0.9853624
F5331-0098,0.9976004
F5540-0133,0.99324304
F0623-0470,0.97166145
F5331-0030,0.9999666
F5331-0196,0.9997894
F0554-0590,0.99999654
F1750-0087,0.994803
F2721-0554,0.97722423
F3411-4606,0.9640092
F5331-0364,0.99996936
F2016-0513,0.9825957
F2016-0514,0.99283135
F1726-0049,0.98221546
F2444-0388,0.9999844
F5530-0196,0.9637119
F2016-0416,0.99999034
F3411-4742,0.99586135
F0528-0604,0.9814539
F0554-0359,0.9999423
F2090-0707,0.99023473
F2964-2398,0.9976788
F2077-0987,0.9987863
F0617-0207,0.9997634
F6372-1821,0.99958163
F2016-0619,0.9999113
F2016-0519,0.9999932
F2444-0447,0.99951947
F5331-0079,0.9985343
F5331-0307,0.9999323
F5331-0313,0.99904996
F2016-0238,0.9996922
F0816-0103,0.9998573
F0617-0393,0.99728584
F0617-0185,0.9993055
F3244-0428,0.9994861
F0617-0311,0.99999106
F0623-0201,0.9999814
F1885-0523,0.99684477
F2016-0429,0.99972826
F5530-0209,0.9550892
F6469-1672,0.9713864
F5534-0066,0.9998171
F2964-2397,0.99887687
F2077-0983,0.9999095
F3411-4569,0.99851805
F0623-0135,0.99877137
F5834-1435,0.9508452
F5331-0241,0.9999515
F0617-0289,0.9999957
F2016-0510,0.9940527
F2016-0588,0.987845
F2016-0607,0.9862585
F6372-2300,0.99325436
F0617-0107,0.9966839
F2444-0535,0.9915788
F1885-0524,0.99959475
F5773-1779,0.99956435
F0882-1065,0.99998677
F2721-0442,0.99394727
F0623-0140,0.99981815
F0528-1461,0.9876538
F2016-0526,0.9925046
F1885-0082,0.95466053
F5331-0340,0.99996305
F5331-0174,0.999979
F2444-0433,0.9991555
F2320-0405,0.9912191
F0196-0810,0.9670223
F3244-0427,0.9996233
F5534-0087,0.99998915
F2271-0561,0.999539
F2271-0563,0.99911743
F6089-9492,0.98558426
F0554-0704,0.9998055
F3244-0423,0.9997397
F2271-0516,0.99984014
F3003-0703,0.98230666
F2016-0431,0.9694167
F3215-0044,0.99985695
F3244-0424,0.999876
F3411-4145,0.99988496
F5331-0360,0.99850535
F3244-0439,0.9995011
F3296-0584,0.9993782
F2271-0547,0.9986588
F3411-4739,0.997686
F2031-0414,0.99998677
F0623-0303,0.98304224
F5534-0133,0.9915856
F2016-0528,0.967972
F2271-0556,0.99845934
F2320-0349,0.9923664
F2320-0330,0.98785573
F5530-0208,0.99990296
F2320-0341,0.9692807
F0537-0492,0.9999951
F2090-0706,0.9816917
F3407-2731,0.97872055
F0623-0038,0.98346114
F3406-2403,0.9998685
F1754-0110,0.9984127
F1840-0035,0.99933594
F5566-0052,0.96967643
F0816-0647,0.99999535
F3406-2402,0.99981946
F2271-0434,0.9994147
F3406-2404,0.9999218
F3167-0215,0.9990963
F2320-0382,0.97656816
F0623-0095,0.971545
F2320-0358,0.99698204
F2444-0520,0.99967957
F3406-2397,0.9989292
F0554-0100,0.95258224
F0623-0302,0.99090064
F2271-0421,0.99964905
F3055-0802,0.9999455
F0554-0158,0.99999356
F2602-0167,0.99866486
F0623-0479,0.95258844
F0623-0039,0.9844765
F1193-0102,0.99951077
F2271-0452,0.9971084
F2320-0410,0.9747711
F0375-0109,0.99999857
F2320-0354,0.97604805
F3411-4828,0.9748591
F3273-0673,0.9999802
F3406-2409,0.99986887
F2271-0468,0.9989857
F3342-0117,0.95952576
F0623-0743,0.9853859
F2320-0381,0.9948297
F2320-0340,0.9999411
F6468-0007,0.9964044
F3411-4827,0.9611797
F5566-0024,0.9995209
F2271-0466,0.9994754
F5566-0062,0.9997428
F5566-0073,0.99988484
F2271-0461,0.99947923
F5530-0446,0.99824524
F0816-0668,0.9999888
F2077-1024,0.9909376
F5530-0218,0.99931157
F2271-0430,0.9935934
F5535-0085,0.99485177
F1885-0424,0.99994576
F0623-0830,0.9737704
F0694-0893,0.9903038
F3055-0784,0.9900321
F0554-0614,0.9999894
F6468-0048,0.99996936
F2320-0409,0.9931965
F0554-0671,0.9939751
F2320-0322,0.9996482
F5535-0041,0.9970392
F6412-6790,0.9925283
F2320-0323,0.9999541
F6412-6791,0.99951756
F5535-0003,0.9934604
F5530-1134,0.99936575
F0816-0517,0.9941858
F1362-0101,0.9999578
F0554-0386,0.9999958
F5607-0122,0.9918894
F6469-1029,0.9999882
F3208-0027,0.999902
F0623-0831,0.9935288
F5566-0046,0.9991738
F5534-0130,0.9996991
F0554-0382,0.9964515
F0623-0214,0.9954275
F3394-0863,0.99900657
F3398-3575,0.9921327
F6469-1321,0.98508275
F0554-0728,0.99947673
F0014-0397,0.9809973
F5607-0121,0.9903438
F0623-0215,0.9980971
F3273-0694,0.99998105
F0554-0724,0.97477233
F3225-8554,0.99975353
F5607-0117,0.9783367
F6242-0195,0.98056513
F0623-0126,0.99445397
F0623-0127,0.9550583
F0289-0329,0.9999361
F0537-0295,0.99987197
F5526-0209,0.9875574
F0617-0413,0.9930044
F0537-0708,0.99998367
F0537-0688,0.9999908
F5534-0082,0.99999285
F3406-0629,0.98787516
F0537-0740,0.9999857
F0554-0022,0.9999933
F0554-0033,0.99997437
F0617-0430,0.9999958
F2265-0381,0.9922502
F5773-1840,0.9735613
F0859-0015,0.9532169
F5773-1877,0.96377313
F0617-0432,0.99999297
F0617-0358,0.99999654
F5526-0421,0.9998896
F0617-0361,0.9950159
F0537-0088,0.9868739
F0537-0128,0.98470485
F5835-0573,0.99932957
F0554-0088,0.9887318
F0537-0728,0.9976816
F0617-0352,0.99999535
F0554-0081,0.99998164
F0617-0040,0.99999607
F1885-0058,0.9996991
F3222-5379,0.9998018
F0617-0404,0.9985575
F0617-0400,0.99936765
F0554-0136,0.9999851
F0617-0066,0.9998795
F0617-0094,0.99997926
F0617-0092,0.99998033
F5534-0081,0.9999927
F1885-0360,0.9972343
F0554-0026,0.9999229
F0554-0083,0.9999113
F1885-0077,0.9999126
F0554-0431,0.98778653
F0554-0084,0.9999789
F2016-0008,0.99999964
F0537-0692,0.99675757
F0617-0339,0.9997769
F5127-0856,0.9999887
F0554-0147,0.99927133
F5534-0069,0.99989235
F0554-0340,0.9744737
F0623-0297,0.9996916
F0617-0027,0.9627619
F0554-0027,0.9999809
F1885-0671,0.99845064
F0617-0353,0.9999795
F0617-0357,0.99999464
F0617-0427,0.99889404
F1885-0662,0.9978574
F0617-0041,0.9857189
F0537-0084,0.99207556
F0617-0144,0.9999826
F2724-1591,0.9799385
F1885-0379,0.9984125
F0554-0056,0.9999795
F0617-0354,0.99999297
F0554-0113,0.9995981
F0554-0426,0.9998925
F0617-0093,0.9647486
F0554-0260,0.99937004
F0617-0068,0.99990785
F0617-0014,0.9999931
F0617-0170,0.9999871
F0617-0042,0.9999976
F0617-0067,0.9891656
F2016-0023,0.99999464
F2016-0013,0.9969995
F5526-0102,0.97688395
F0617-0248,0.99999356
F1885-0511,0.9960219
F2016-0017,0.9944887
F0554-0095,0.99999034
F0617-0023,0.989562
F0617-0131,0.97066283
F2016-0030,0.9999964
F0554-0259,0.9897132
F6469-0180,0.9999143
F1885-0228,0.9618729
F0554-0152,0.9999882
F0554-0252,0.9999558
F0617-0257,0.9881903
F0554-0341,0.99820864
F0554-0601,0.99940515
F0554-0893,0.9994252
F0554-0364,0.9999801
F0617-0179,0.9989698
F0554-0028,0.9999875
F0617-0348,0.999987
F1885-0681,0.99935764
F2016-0012,0.99999475
F2016-0146,0.999746
F0617-0235,0.97070223
F2016-0022,0.9999597
F0617-0088,0.999864
F0554-0197,0.99989104
F0617-0015,0.9906295
F0617-0036,0.9999844
F0617-0171,0.9998223
F2016-0535,0.99807346
F0617-0249,0.9919744
F0554-0085,0.9999844
F0554-0078,0.9897714
F0617-0380,0.9999939
F0554-0021,0.9879786
F0554-1000,0.99448353
F2016-0632,0.9999871
F2016-0689,0.9999616
F3406-1384,0.99988914
F2016-0687,0.9999913
F0554-1001,0.99445057
F0554-1002,0.99385554
F0617-0275,0.9708561
F2016-0340,0.9999181
F2016-0699,0.9998203
F1667-0009,0.98195237
F0554-0036,0.9991942
F0554-0092,0.99826616
F0554-0035,0.99999213
F3398-5246,0.99997985
F0617-0172,0.99999654
F3382-0560,0.9995701
F0554-0608,0.99999154
F0617-0063,0.9649931
F0617-0244,0.99998045
F0554-0626,0.9961572
F0554-0818,0.99997723
F0617-0065,0.95237106
F2016-0005,0.98243505
F0554-0029,0.99437237
F0554-0093,0.99617106
F0375-0161,0.9999995
F3406-2915,0.9999684
F0617-0405,0.99067944
F0617-0245,0.99977976
F5534-0080,0.99998903
F0554-0135,0.9906475
F0617-0300,0.99999714
F0554-0149,0.9951958
F0617-0010,0.99998605
F0617-0309,0.9931606
F0554-0774,0.9993414
F2016-0144,0.99978656
F3177-0001,0.9751311
F0617-0118,0.9966704
F2016-0024,0.9999894
F0617-0166,0.9999981
F0554-0707,0.9987337
F0554-0150,0.9968263
F0617-0270,0.99881834
F2016-0034,0.9999795
F0554-0545,0.97108996
F2016-0145,0.99973327
F0617-0247,0.99851006
F2016-0042,0.9948173
F2016-0426,0.9999424
F0617-0013,0.9981774
F0554-0256,0.9999869
F2016-0685,0.9898268
F0617-0167,0.9975891
F0617-0301,0.99124444
F3013-0001,0.9988165
F0554-0591,0.9984469
F0617-0374,0.99996483
F0617-0403,0.99144673
F0554-0598,0.9999975
F0554-0648,0.9878769
F0617-0340,0.99996555
F2016-0523,0.9999491
F0617-0119,0.9713897
F1407-0314,0.99861956
F0554-0096,0.9829474
F0617-0302,0.99999785
F0537-0956,0.9864319
F2016-0242,0.999826
F0554-0605,0.9999664
F0554-0257,0.99700207
F0554-0662,0.9949491
F0554-0363,0.99000776
F2016-0338,0.9999254
F0617-0120,0.9976967
F2016-0631,0.9846431
F0554-0569,0.96747
F0554-0894,0.97655416
F2721-0207,0.97179586
F0554-1025,0.9921211
F0554-0606,0.9993338
F0554-0663,0.9955539
F0554-0377,0.99578494
F0617-0002,0.976352
F0617-0296,0.99998236
F0554-0378,0.99515235
F0617-0401,0.9955102
F3159-0046,0.99952734
F0554-0324,0.9769235
F0554-0997,0.99935514
F0617-0114,0.98518884
F2016-0044,0.99997854
F2444-0491,0.99519354
F2016-0731,0.99999154
F1750-0098,0.99527067
F0617-0236,0.96589166
F0617-0297,0.9995808
F2016-0436,0.99982685
F2016-0213,0.9999932
F0617-0158,0.9990422
F5834-3014,0.99011034
F0554-0609,0.9866664
F5833-3887,0.9894872
F6372-2267,0.9999058
F0617-0299,0.9987903
F2016-0533,0.99467164
F2444-0477,0.9994822
F0554-1008,0.9905317
F0554-0037,0.9999925
F2016-0407,0.9999865
F6372-2497,0.9516597
F0617-0288,0.98505276
F1143-0685,0.98188686
F0554-0094,0.9999939
F2016-0630,0.9607073
F0617-0392,0.97056454
F0554-0151,0.99999547
F2444-0476,0.99972934
F0554-0842,0.999928
F0617-0106,0.9680057
F2090-0711,0.9642223
F2721-0206,0.9732925
F2077-0967,0.99808735
F0617-0228,0.9791125
F3016-0159,0.9926016
F3016-0057,0.99027365
F0617-0222,0.97225374
F2721-0208,0.98371625
F0554-0607,0.99998677
F0554-0664,0.99142647
F0617-0217,0.96587175
F0617-0227,0.96784824
F3168-0466,0.99994254
F2258-0886,0.99879384
F2090-0713,0.9995327
F0554-0379,0.9999969
F0617-0223,0.9869582
F0617-0224,0.9751601
F5530-0973,0.9998716
F3284-8486,0.9996464
F0554-0721,0.9996469
F0411-0010,0.9993413
F0617-0219,0.99385226
F0121-0001,0.99604225
F0263-0029,0.9996166
F5535-0004,0.986032
F0554-0611,0.95423466
F3168-0467,0.9980045
F0263-0031,0.99504375
F0411-0002,0.9999832
F0617-0221,0.990948
F0324-0005,0.9999876
F0333-0020,0.9997476
F0617-0210,0.9803153
F0410-0001,0.9999701
F0411-0006,0.999632
F0411-0008,0.9988691
F3168-0468,0.9940422
F0302-0033,0.99952483
F0411-0005,0.99478585
F0411-0007,0.9996861
F0617-0440,0.99898237
F0554-0820,0.99993336
F0554-0829,0.9886995
F0324-0002,0.99969304
F0554-0821,0.9994411
F0464-0007,0.98670304
F3406-1383,0.9994517
F0554-0824,0.9503794
F0554-0825,0.96983373
F3394-0847,0.98092663
F0554-0091,0.995893
F0554-0034,0.99999666
F0731-0019,0.9969195
F0617-0050,0.9991689
F0617-0362,0.9999747
F0554-0889,0.98046035
F0617-0076,0.95057094
F3406-1390,0.9992429
F0617-0102,0.99712735
F0554-0148,0.9917738
F0554-0826,0.97753143
F0554-0030,0.98725253
F0554-0819,0.964564
F0554-0087,0.98840827
F1161-0075,0.9999198
F0554-0604,0.99997115
F0554-0834,0.9640351
F0617-0180,0.9969258
F0617-0032,0.99997854
F0554-0315,0.98784584
F0617-0344,0.9999926
F0554-0376,0.99660254
F0554-0144,0.99051183
F0617-0212,0.9548166
F0617-0058,0.96783686
F0554-0837,0.9871924
F0617-0084,0.99989676
F0617-0024,0.9993486
F0617-0258,0.99932814
F0554-0600,0.9967135
F0617-0240,0.99997926
F0554-0657,0.9657931
F0554-1003,0.9866283
F0554-0258,0.9866409
F0554-0372,0.9948394
F0617-0006,0.9999815
F0617-0128,0.97204787
F0617-0162,0.9999974
F0617-0414,0.9946267
F0617-0396,0.9993717
F0617-0310,0.9989974
F0617-0292,0.99998343
F0554-0835,0.9998679
F0617-0110,0.977466
F1743-0073,0.99990404
F1280-0010,0.98454374
F1280-0022,0.98416406
F0554-0832,0.99647695
F0411-0012,0.99938595
F0410-0003,0.99307984
